﻿Code,Species,Type,Value
GQ1,F0,UMF0,0.0199
GQ2,F0,UMF0,0.01493
GQ3,F0,UMF0,0.0199
GQ4,F0,UMF0,0.0199
GQ5,F0,UMF0,0.03483
GQ6,F0,UMF0,0.03483
GQ7,F0,UMF0,0.0597
GQ8,F0,UMF0,0.00995
GQ9,F0,UMF0,0.03483
GQ10,F0,UMF0,0.04478
LC1,F0,UMF0,0.07463
LC2,F0,UMF0,0.02488
LC3,F0,UMF0,0.05473
LC4,F0,UMF0,0.07463
LC5,F0,UMF0,0.1493
LC6,F0,UMF0,0.0199
LC7,F0,UMF0,0.08458
LC8,F0,UMF0,0.02985
LC9,F0,UMF0,0.01493
LC10,F0,UMF0,0.06965
LC11,F0,UMF0,0.11443
LC12,F0,UMF0,0.08458
GQ1,F0,HEMLF0,0.02488
GQ2,F0,HEMLF0,0.02488
GQ3,F0,HEMLF0,0.21891
GQ4,F0,HEMLF0,0.05473
GQ5,F0,HEMLF0,0.10448
GQ6,F0,HEMLF0,0.0995
GQ7,F0,HEMLF0,0.1692
GQ8,F0,HEMLF0,0.08955
GQ9,F0,HEMLF0,0.08458
GQ10,F0,HEMLF0,0.1194
LC1,F0,HEMLF0,0.1194
LC2,F0,HEMLF0,0.14428
LC3,F0,HEMLF0,0.07463
LC4,F0,HEMLF0,0.08458
LC5,F0,HEMLF0,0.0597
LC6,F0,HEMLF0,0.02488
LC7,F0,HEMLF0,0.02488
LC8,F0,HEMLF0,0.05473
LC9,F0,HEMLF0,0.10945
LC10,F0,HEMLF0,0.18408
LC11,F0,HEMLF0,0.19403
LC12,F0,HEMLF0,0.20398
GQ1,F0,INMLF0,0.03483
GQ2,F0,INMLF0,0.02985
GQ3,F0,INMLF0,0.04975
GQ4,F0,INMLF0,0.04478
GQ5,F0,INMLF0,0.05473
GQ6,F0,INMLF0,0.25373
GQ7,F0,INMLF0,0.1443
GQ8,F0,INMLF0,0.06965
GQ9,F0,INMLF0,0.23383
GQ10,F0,INMLF0,0.26368
LC1,F0,INMLF0,0.08458
LC2,F0,INMLF0,0.22388
LC3,F0,INMLF0,0.199
LC4,F0,INMLF0,0.09453
LC5,F0,INMLF0,0.204
LC6,F0,INMLF0,0.02488
LC7,F0,INMLF0,0.10945
LC8,F0,INMLF0,0.199
LC9,F0,INMLF0,0.03483
LC10,F0,INMLF0,0.08955
LC11,F0,INMLF0,0.08458
LC12,F0,INMLF0,0.14428
GQ1,F0,FMF0,0.9204
GQ2,F0,FMF0,0.93035
GQ3,F0,FMF0,0.71144
GQ4,F0,FMF0,0.8806
GQ5,F0,FMF0,0.80597
GQ6,F0,FMF0,0.61194
GQ7,F0,FMF0,0.6269
GQ8,F0,FMF0,0.83085
GQ9,F0,FMF0,0.64677
GQ10,F0,FMF0,0.57214
LC1,F0,FMF0,0.72139
LC2,F0,FMF0,0.60697
LC3,F0,FMF0,0.67164
LC4,F0,FMF0,0.74627
LC5,F0,FMF0,0.5871
LC6,F0,FMF0,0.93035
LC7,F0,FMF0,0.78109
LC8,F0,FMF0,0.71642
LC9,F0,FMF0,0.8408
LC10,F0,FMF0,0.65672
LC11,F0,FMF0,0.60697
LC12,F0,FMF0,0.56716
GQ1,F1,UMF1,0.0347
GQ2,F1,UMF1,0.05047
GQ3,F1,UMF1,0.04732
GQ4,F1,UMF1,0.03785
GQ5,F1,UMF1,0.02208
GQ6,F1,UMF1,0.01262
GQ7,F1,UMF1,0.02208
GQ8,F1,UMF1,0.03785
GQ9,F1,UMF1,0.04416
GQ10,F1,UMF1,0.009464
LC1,F1,UMF1,0.04732
LC2,F1,UMF1,0.03155
LC3,F1,UMF1,0.01893
LC4,F1,UMF1,0.01893
LC5,F1,UMF1,0.01893
LC6,F1,UMF1,0.03155
LC7,F1,UMF1,0.04732
LC8,F1,UMF1,0.03155
LC9,F1,UMF1,0.03785
LC10,F1,UMF1,0.02208
LC11,F1,UMF1,0.07571
LC12,F1,UMF1,0.06625
GQ1,F1,HEMLF1,0.05047
GQ2,F1,HEMLF1,0.2082
GQ3,F1,HEMLF1,0.18612
GQ4,F1,HEMLF1,0.11356
GQ5,F1,HEMLF1,0.05678
GQ6,F1,HEMLF1,0.13565
GQ7,F1,HEMLF1,0.02524
GQ8,F1,HEMLF1,0.15773
GQ9,F1,HEMLF1,0.06625
GQ10,F1,HEMLF1,0.063091
LC1,F1,HEMLF1,0.05678
LC2,F1,HEMLF1,0.05678
LC3,F1,HEMLF1,0.01577
LC4,F1,HEMLF1,0.05678
LC5,F1,HEMLF1,0.14196
LC6,F1,HEMLF1,0.10726
LC7,F1,HEMLF1,0.05047
LC8,F1,HEMLF1,0.05363
LC9,F1,HEMLF1,0.0694
LC10,F1,HEMLF1,0.07256
LC11,F1,HEMLF1,0.11356
LC12,F1,HEMLF1,0.17981
GQ1,F1,INMLF1,0.15457
GQ2,F1,INMLF1,0.11041
GQ3,F1,INMLF1,0.23344
GQ4,F1,INMLF1,0.0694
GQ5,F1,INMLF1,0.09148
GQ6,F1,INMLF1,0.04732
GQ7,F1,INMLF1,0.04732
GQ8,F1,INMLF1,0.12618
GQ9,F1,INMLF1,0.16088
GQ10,F1,INMLF1,0.182965
LC1,F1,INMLF1,0.25868
LC2,F1,INMLF1,0.15773
LC3,F1,INMLF1,0.01262
LC4,F1,INMLF1,0.02524
LC5,F1,INMLF1,0.08517
LC6,F1,INMLF1,0.12934
LC7,F1,INMLF1,0.11987
LC8,F1,INMLF1,0.12303
LC9,F1,INMLF1,0.22082
LC10,F1,INMLF1,0.06309
LC11,F1,INMLF1,0.08517
LC12,F1,INMLF1,0.11356
GQ1,F1,FMF1,0.76025
GQ2,F1,FMF1,0.63091
GQ3,F1,FMF1,0.53312
GQ4,F1,FMF1,0.77918
GQ5,F1,FMF1,0.82965
GQ6,F1,FMF1,0.80442
GQ7,F1,FMF1,0.90536
GQ8,F1,FMF1,0.67823
GQ9,F1,FMF1,0.72871
GQ10,F1,FMF1,0.744479
LC1,F1,FMF1,0.63722
LC2,F1,FMF1,0.75394
LC3,F1,FMF1,0.95268
LC4,F1,FMF1,0.89905
LC5,F1,FMF1,0.75394
LC6,F1,FMF1,0.73186
LC7,F1,FMF1,0.78233
LC8,F1,FMF1,0.7918
LC9,F1,FMF1,0.67192
LC10,F1,FMF1,0.84227
LC11,F1,FMF1,0.72555
LC12,F1,FMF1,0.64038