﻿Code,Species,Type,Value
GQ11,F0,UMF0,0.01215
GQ5,F0,UMF0,0.02429
GQ7,F0,UMF0,0.02024
LC18,F0,UMF0,0.01215
LC20,F0,UMF0,0.07692
LC21,F0,UMF0,0.02834
LC5,F0,UMF0,0.09312
LC7,F0,UMF0,0.06883
GQ11,F0,HEMLF0,0.02429
GQ5,F0,HEMLF0,0.09717
GQ7,F0,HEMLF0,0.08097
LC18,F0,HEMLF0,0.02429
LC20,F0,HEMLF0,0.02429
LC21,F0,HEMLF0,0.04858
LC5,F0,HEMLF0,0.22267
LC7,F0,HEMLF0,0.23887
GQ11,F0,INMLF0,0.02429
GQ5,F0,INMLF0,0.06073
GQ7,F0,INMLF0,0.20648
LC18,F0,INMLF0,0.02429
LC20,F0,INMLF0,0.11336
LC21,F0,INMLF0,0.21053
LC5,F0,INMLF0,0.08097
LC7,F0,INMLF0,0.15789
GQ11,F0,FMF0,0.93927
GQ5,F0,FMF0,0.81781
GQ7,F0,FMF0,0.69231
LC18,F0,FMF0,0.93927
LC20,F0,FMF0,0.78543
LC21,F0,FMF0,0.71255
LC5,F0,FMF0,0.60324
LC7,F0,FMF0,0.53441
GQ11,F1,UMF1,0.03824
GQ5,F1,UMF1,0.04706
GQ7,F1,UMF1,0.04118
LC18,F1,UMF1,0.02647
LC20,F1,UMF1,0.05294
LC21,F1,UMF1,0.03529
LC5,F1,UMF1,0.06765
LC7,F1,UMF1,0.06765
GQ11,F1,HEMLF1,0.22647
GQ5,F1,HEMLF1,0.16765
GQ7,F1,HEMLF1,0.06765
LC18,F1,HEMLF1,0.10588
LC20,F1,HEMLF1,0.05294
LC21,F1,HEMLF1,0.05882
LC5,F1,HEMLF1,0.11765
LC7,F1,HEMLF1,0.18529
GQ11,F1,INMLF1,0.12059
GQ5,F1,INMLF1,0.12353
GQ7,F1,INMLF1,0.16176
LC18,F1,INMLF1,0.12353
LC20,F1,INMLF1,0.12353
LC21,F1,INMLF1,0.12647
LC5,F1,INMLF1,0.08824
LC7,F1,INMLF1,0.12059
GQ11,F1,FMF1,0.61471
GQ5,F1,FMF1,0.66176
GQ7,F1,FMF1,0.72941
LC18,F1,FMF1,0.74412
LC20,F1,FMF1,0.77059
LC21,F1,FMF1,0.77941
LC5,F1,FMF1,0.72647
LC7,F1,FMF1,0.62647
GQ11,F2,UMF2,0.05752
GQ5,F2,UMF2,0.01762
GQ7,F2,UMF2,0.02203
LC18,F2,UMF2,0.03084
LC20,F2,UMF2,0.03084
LC21,F2,UMF2,0.02643
LC5,F2,UMF2,0.04405
LC7,F2,UMF2,0.09251
GQ11,F2,HEMLF2,0.17699
GQ5,F2,HEMLF2,0.07489
GQ7,F2,HEMLF2,0.03524
LC18,F2,HEMLF2,0.06608
LC20,F2,HEMLF2,0.07489
LC21,F2,HEMLF2,0.06608
LC5,F2,HEMLF2,0.03084
LC7,F2,HEMLF2,0.17621
GQ11,F2,INMLF2,0.10619
GQ5,F2,INMLF2,0.20264
GQ7,F2,INMLF2,0.02643
LC18,F2,INMLF2,0.15419
LC20,F2,INMLF2,0.14978
LC21,F2,INMLF2,0.20705
LC5,F2,INMLF2,0.03524
LC7,F2,INMLF2,0.18943
GQ11,F2,FMF2,0.65929
GQ5,F2,FMF2,0.70485
GQ7,F2,FMF2,0.9163
LC18,F2,FMF2,0.7489
LC20,F2,FMF2,0.74449
LC21,F2,FMF2,0.70044
LC5,F2,FMF2,0.88987
LC7,F2,FMF2,0.54185